student_name,instructor_name
Schrefl,Wieland
Rumat,Arinb
Miliko,DAgostino
Moszkowski,Mahmoud
Prieto,Moreira
Marcol,Sullivan
Quimby,Choll
Sowerby,Dusserre
Coppens,Sullivan
Cirsto,Liley
Velikovs,Dusserre
Marek,Sarkar
Tran-,Mingoz
Guerra,Moreira
Hawthorne,Dale
Leuen,Dusserre
Eguchi,Kean
Moei,Voronina
Alfaro,Gutierrez
Krishnakumar,Shuming
Inoue,Hau
Sahm,Bourrier
Tomason,Lent
Karande,Dusserre
Wunderli,Desyl
Greve,Mingoz
Cerime,Tung
Crick,Liley
Hashimoto,Lent
Dage,Valtchev
Pearlman,Morris
Macias,Gustafsson
Dawson,Bawa
Gay,Liley
Tiamp,Lent
Weller,Bancilhon
Kee,DAgostino
Milner,Atanassov
Guthk,Dusserre
Kagd,Sarkar
Samel,Bawa
Vanrell,Desyl
Zaniolo,Gutierrez
Dhav,Mahmoud
Holn,Pimenta
Agar,Gutierrez
Curutchet,Bietzk
Di,Sullivan
Kereth,Gustafsson
Cal,Lent
McCarter,Bancilhon
Yemini,Valtchev
Erol,Liley
Chyr,Gutierrez
Moreira,Mird
Kruglyak,Queiroz
Keuk,Tung
Katzenb,Mird
Dano,Yin
Torres,Mahmoud
Gibbs,Bawa
Murphy,Arias
Hughes,Kean
Frolova,Queiroz
Falconer,Queiroz
Cochran,Kean
Bannac,Yazdi
Paul,Levine
Rakoj,Sakurai
Otterm,Voronina
Bai,Queiroz
Seike,Mird
Kite,Sullivan
Terauchi,Mingoz
Boyle,Kenje
Harrison,Bondi
Pavlovico,Lembr
Bouamama,Atanassov
Liley,Dusserre
Triebel,Vicentino
Prabhakaran,Liley
Benson,Bourrier
Vogel,Murata
Midu,Morris
Ivanov,Voronina
Boldin,Arinb
Kannan,Yin
Collet,Bourrier
Ishihara,Bertolino
Nirenbu,Dusserre
Hoov,Liley
Andrews,Soisalon-Soininen
Xiong,Atanassov
Carey,Mingoz
Corbac,Tung
Kok,Desyl
